{
	"s_name": "default",
	"s_type": "UnitType",
	"s_combat_role": "NoRole",
	"s_combat_range": "NoRange",
	"i_strength": 0,
	"i_speed": 0,
	"i_city_atk": 0,
	"i_city_def": 0,
	"i_hill_atk": 0,
	"i_hill_def": 0,
	"i_canopy_atk": 0,
	"i_canopy_def": 0,
	"i_open_atk": 0,
	"i_open_def": 0,
	"i_collateral": 0,
	"b_no_tile_def": false,
	"b_skirmish": false,
	"b_flanking": false,
	"b_frontline": false,
	"b_infiltrate": false,
	"b_medic": false,
	"dict_i_role_atk": {},
	"dict_i_role_def": {},
	"dict_i_range_atk": {},
	"dict_i_range_def": {},
	"dict_i_type_atk": {},
	"dict_i_type_def": {}
}
