{
	"s_name": "Test Map 1",
	"s_shape":"Flat",
	"s_type": "Map",
	"i_x": 2,
	"i_y": 4,
	"dict_vec2_tile_tiles": {
		"0,0": {
			"s_name": "Barcelona",
			"s_type": "Tile",
			"s_soil_cover": "Arctic"
		},
		"0,1": {
			"s_name": "Barcelona",
			"s_type": "Tile",
			"s_soil_cover": "Badland"
		},
		"0,2": {
			"s_name": "Barcelona",
			"s_type": "Tile",
			"s_soil_cover": "Desert"
		},
		"0,3": {
			"s_name": "Barcelona",
			"s_type": "Tile",
			"s_soil_cover": "Grassland"
		},
		"1,0": {
			"s_name": "Barcelona",
			"s_type": "Tile",
			"s_soil_cover": "Prarie"
		},
		"1,1": {
			"s_name": "Barcelona",
			"s_type": "Tile",
			"s_soil_cover": "Semidesert"
		},
		"1,2": {
			"s_name": "Barcelona",
			"s_type": "Tile",
			"s_soil_cover": "Steppe"
		},
		"1,3": {
			"s_name": "Barcelona",
			"s_type": "Tile",
			"s_soil_cover": "Tundra"
		}
	}
}