{
	"s_name": "Toolbar",
	"s_type": "Menu",
	"dict_i_vrbl_variables" : {
		"0" : {
			"s_name" : "buffer_size",
			"s_type" : "Variable",
			"s_value" : "8.0"
		},
		"1" : {
			"s_name" : "sprite_resolution",
			"s_type" : "Variable",
			"s_value" : "8.0"
		},
		"2" : {
			"s_name" : "area_width",
			"s_type" : "Variable",
			"s_value" : "window_width",
			"dict_i_cltn_calculations" : {
				"0" : {
					"s_type" : "Calculation",
					"s_operation" : "Divide",
					"s_value" : "8.0"
				}
			}
		},
		"3" : {
			"s_name" : "area_height",
			"s_type" : "Variable",
			"s_value" : "window_height",
			"dict_i_cltn_calculations" : {
				"0" : {
					"s_type" : "Calculation",
					"s_operation" : "Divide",
					"s_value" : "8.0"
				}
			}
		},
		"4" : {
			"s_name" : "scale",
			"s_type" : "Variable",
			"s_value" : "area_height",
			"dict_i_cltn_calculations" : {
				"0" : {
					"s_type" : "Calculation",
					"s_operation" : "Subtract",
					"s_value" : "buffer_size"
				},
				"1" : {
					"s_type" : "Calculation",
					"s_operation" : "Subtract",
					"s_value" : "buffer_size"
				},
				"2" : {
					"s_type" : "Calculation",
					"s_operation" : "Divide",
					"s_value" : "sprite_resolution"
				},
				"3" : {
					"s_type" : "Calculation",
					"s_operation" : "Divide",
					"s_value" : "2.0"
				}
			}
		},
		"5" : {
			"s_name" : "size",
			"s_type" : "Variable",
			"s_value" : "scale",
			"dict_i_cltn_calculations" : {
				"0" : {
					"s_type" : "Calculation",
					"s_operation" : "Multiply",
					"s_value" : "sprite_resolution"
				}
			}
		},
		"6" : {
			"s_name" : "justify_top",
			"s_type" : "Variable",
			"s_value" : "window_height",
			"dict_i_cltn_calculations" : {
				"0" : {
					"s_type" : "Calculation",
					"s_operation" : "Subtract",
					"s_value" : "size"
				},
				"1" : {
					"s_type" : "Calculation",
					"s_operation" : "Subtract",
					"s_value" : "size"
				},
				"2" : {
					"s_type" : "Calculation",
					"s_operation" : "Subtract",
					"s_value" : "buffer_size"
				}
			}
		},
		"7" : {
			"s_name" : "justify_bottom",
			"s_type" : "Variable",
			"s_value" : "window_height",
			"dict_i_cltn_calculations" : {
				"0" : {
					"s_type" : "Calculation",
					"s_operation" : "Subtract",
					"s_value" : "buffer_size"
				}
			}
		},
		"8" : {
			"s_name" : "justify_right",
			"s_type" : "Variable",
			"s_value" : "window_width",
			"dict_i_cltn_calculations" : {
				"0" : {
					"s_type" : "Calculation",
					"s_operation" : "Subtract",
					"s_value" : "buffer_size"
				}
			}
		},
		"9" : {
			"s_name" : "top_edge_left",
			"s_type" : "Variable",
			"s_value" : "size",
			"dict_i_cltn_calculations" : {
				"0" : {
					"s_type" : "Calculation",
					"s_operation" : "Add",
					"s_value" : "buffer_size"
				}
			}
		},
		"10" : {
			"s_name" : "bottom_edge_left",
			"s_type" : "Variable",
			"s_value" : "window_width",
			"dict_i_cltn_calculations" : {
				"0" : {
					"s_type" : "Calculation",
					"s_operation" : "Subtract",
					"s_value" : "size"
				},
				"1" : {
					"s_type" : "Calculation",
					"s_operation" : "Subtract",
					"s_value" : "buffer_size"
				}
			}
		},
		"11" : {
			"s_name" : "edge_length",
			"s_type" : "Variable",
			"s_value" : "scale",
			"dict_i_cltn_calculations" : {
				"0" : {
					"s_type" : "Calculation",
					"s_operation" : "Multiply",
					"s_value" : "sprite_resolution"
				},
				"1" : {
					"s_type" : "Calculation",
					"s_operation" : "Multiply",
					"s_value" : "2.0"
				},
				"2" : {
					"s_type" : "Calculation",
					"s_operation" : "Add",
					"s_value" : "buffer_size"
				},
				"3" : {
					"s_type" : "Calculation",
					"s_operation" : "Add",
					"s_value" : "buffer_size"
				},
				"4" : {
					"s_type" : "Calculation",
					"s_operation" : "Multiply",
					"s_value" : "-1.0"
				},
				"5" : {
					"s_type" : "Calculation",
					"s_operation" : "Add",
					"s_value" : "window_width"
				},
				"6" : {
					"s_type" : "Calculation",
					"s_operation" : "Divide",
					"s_value" : "sprite_resolution"
				}
			}
		}
	},
	"dict_i_sprt_sprites" : {
		"0" : {
			"s_name" : "Corner1",
			"s_type" : "Sprite",
			"s_x" : "buffer_size",
			"s_y" : "justify_top",
			"s_r" : "0.0",
			"s_w" : "scale",
			"s_h" : "scale",
			"s_texture" : "\\JSON\\Menu\\textures\\Corner.png"
		},
		"1" : {
			"s_name" : "Corner2",
			"s_type" : "Sprite",
			"s_x" : "justify_right",
			"s_y" : "justify_top",
			"s_r" : "90.0",
			"s_w" : "scale",
			"s_h" : "scale",
			"s_texture" : "\\JSON\\Menu\\textures\\Corner.png"
		},
		"2" : {
			"s_name" : "Corner3",
			"s_type" : "Sprite",
			"s_x" : "justify_right",
			"s_y" : "justify_bottom",
			"s_r" : "180.0",
			"s_w" : "scale",
			"s_h" : "scale",
			"s_texture" : "\\JSON\\Menu\\textures\\Corner.png"
		},
		"3" : {
			"s_name" : "Corner4",
			"s_type" : "Sprite",
			"s_x" : "buffer_size",
			"s_y" : "justify_bottom",
			"s_r" : "270.0",
			"s_w" : "scale",
			"s_h" : "scale",
			"s_texture" : "\\JSON\\Menu\\textures\\Corner.png"
		},
		"4" : {
			"s_name" : "TopEdge",
			"s_type" : "Sprite",
			"s_x" : "top_edge_left",
			"s_y" : "justify_top",
			"s_r" : "0.0",
			"s_w" : "edge_length",
			"s_h" : "scale",
			"s_texture" : "\\JSON\\Menu\\textures\\Edge.png"
		},
		"5" : {
			"s_name" : "BottomEdge",
			"s_type" : "Sprite",
			"s_x" : "bottom_edge_left",
			"s_y" : "justify_bottom",
			"s_r" : "180.0",
			"s_w" : "edge_length",
			"s_h" : "scale",
			"s_texture" : "\\JSON\\Menu\\textures\\Edge.png"
		}
	}
}